license_text,yolo_confidence,ocr_confidence
G024IKG,0.63,"[0.1389637440443039, 0.5551525354385376, 0.984774112701416, 0.7185048460960388, 0.6946334838867188, 0.7518212795257568, 0.9979242086410522, 0.9983249306678772, 0.9996334314346313]"
EG22TXG,0.70,"[0.9850301146507263, 0.6362435817718506, 0.9998683929443359, 0.9991647005081177, 0.9706925749778748, 0.9999219179153442, 0.9999338388442993, 0.9999406337738037, 0.9999938011169434]"
EQ22TXU,0.79,"[0.9995255470275879, 0.8493819236755371, 0.9999711513519287, 0.9997343420982361, 0.9394752383232117, 0.9999873638153076, 0.4495798945426941, 0.9999852180480957, 0.9999986886978149]"
EQ22TXG,0.81,"[0.9999372959136963, 0.9685711860656738, 0.9996466636657715, 0.9991307854652405, 0.9639506340026855, 0.9998427629470825, 0.9993927478790283, 0.9999842643737793, 0.9999996423721313]"
E022TXG,0.82,"[0.9999126195907593, 0.7160890698432922, 0.9980767965316772, 0.9705309867858887, 0.9999791383743286, 0.9999047517776489, 0.9861840605735779, 0.9999972581863403, 1.0]"
EO22TXG,0.82,"[0.9996662139892578, 0.6645791530609131, 0.9978943467140198, 0.9999724626541138, 0.9999709129333496, 0.9999675750732422, 0.999849796295166, 0.9999980926513672, 0.9999994039535522]"
EO2ZTXG,0.57,"[0.9991165995597839, 0.783362090587616, 0.9834645986557007, 0.5155731439590454, 0.9323583245277405, 0.9995032548904419, 0.9915429353713989, 0.99958735704422, 0.9997574687004089]"
EU22TXG,0.58,"[0.9873020648956299, 0.7557358145713806, 0.9994819760322571, 0.9992133378982544, 0.9928653240203857, 0.9903042912483215, 0.8798636794090271, 0.9999942779541016, 0.9999996423721313]"
EO22TXC,0.55,"[0.9996289014816284, 0.5714359283447266, 0.6434815526008606, 0.8582872748374939, 0.7870076298713684, 0.9600599408149719, 0.5756940841674805, 0.9999483823776245, 0.9999799728393555]"
EU22TXC,0.53,"[0.9878809452056885, 0.9727477431297302, 0.9265612959861755, 0.7858538031578064, 0.8264744877815247, 0.9903022646903992, 0.3606342673301697, 0.9999746084213257, 0.999994158744812]"
EU22TKG,0.53,"[0.7224448323249817, 0.5104037523269653, 0.6899325251579285, 0.9954675436019897, 0.5538511872291565, 0.9561141729354858, 0.9837098121643066, 0.9999494552612305, 0.9999884366989136]"
EU241XG,0.51,"[0.9762787818908691, 0.6227903366088867, 0.5322304368019104, 0.4494941830635071, 0.7680443525314331, 0.5639573931694031, 0.857902467250824, 0.999202311038971, 0.9999498128890991]"
EU44TAG,0.56,"[0.9842288494110107, 0.5000940561294556, 0.4193245768547058, 0.6985448598861694, 0.998301088809967, 0.9469485282897949, 0.9346398115158081, 0.9993340373039246, 0.9997302889823914]"
E022TKG,0.50,"[0.9894324541091919, 0.4570457339286804, 0.5650783777236938, 0.951657772064209, 0.7792307734489441, 0.6892163753509521, 0.6766632795333862, 0.9998005032539368, 0.9998812675476074]"
A028EFP,0.54,"[0.6919288039207458, 0.8292132616043091, 0.5664998888969421, 0.5768171548843384, 0.25119975209236145, 0.5699087381362915, 0.26308050751686096, 0.8070487380027771, 0.9975032210350037]"
AD31FFP,0.59,"[0.9994507431983948, 0.25139284133911133, 0.521605908870697, 0.3496829867362976, 0.4370625913143158, 0.33645695447921753, 0.2631951570510864, 0.8852145075798035, 0.9984514713287354]"
AD37HFR,0.63,"[0.882610559463501, 0.4683062732219696, 0.44806066155433655, 0.4394071102142334, 0.8378146886825562, 0.7661181688308716, 0.4618966579437256, 0.8477404713630676, 0.9974454641342163]"
AT28MFP,0.68,"[0.2707533538341522, 0.2983868420124054, 0.30484578013420105, 0.23577293753623962, 0.18143293261528015, 0.6793637275695801, 0.49800905585289, 0.918097972869873, 0.9935950636863708]"
AA28PFP,0.55,"[0.9001642465591431, 0.24496173858642578, 0.6210432052612305, 0.4000597596168518, 0.2989383935928345, 0.5602433085441589, 0.32557564973831177, 0.6279658079147339, 0.9780325889587402]"
AD3145F,0.65,"[0.9727692008018494, 0.6012099981307983, 0.7380930185317993, 0.36557382345199585, 0.2746908962726593, 0.3713185787200928, 0.40081459283828735, 0.19104523956775665, 0.9409184455871582]"
AA445FP,0.59,"[0.9980167150497437, 0.8355745077133179, 0.40706107020378113, 0.2200099527835846, 0.1499415636062622, 0.42439892888069153, 0.7381503582000732, 0.7589735388755798, 0.9980466365814209]"
AAP746P,0.66,"[0.7269631624221802, 0.38207074999809265, 0.2449122816324234, 0.18084129691123962, 0.26714053750038147, 0.22707968950271606, 0.44534650444984436, 0.7840059399604797, 0.9984471201896667]"
MK3HHHP,0.67,"[0.34454894065856934, 0.32130056619644165, 0.4630325138568878, 0.16646750271320343, 0.19381973147392273, 0.17568396031856537, 0.344069242477417, 0.5595474243164062, 0.9682022333145142]"
WKHHH8P,0.77,"[0.20251427590847015, 0.26824820041656494, 0.6498844623565674, 0.4745396375656128, 0.6718769669532776, 0.22989852726459503, 0.6530454754829407, 0.5494365692138672, 0.9845831394195557]"
MHHHHHH,0.79,"[0.47181329131126404, 0.30354514718055725, 0.5679426789283752, 0.29604896903038025, 0.308439165353775, 0.70516037940979, 0.5717629790306091, 0.41104742884635925, 0.9387757182121277]"
WHHHHHH,0.63,"[0.6268681287765503, 0.46322232484817505, 0.4809882342815399, 0.6249772906303406, 0.5115240812301636, 0.21238918602466583, 0.5567622780799866, 0.8883973956108093, 0.9949442744255066]"
HHHHHHH,0.68,"[0.7119941711425781, 0.37491360306739807, 0.5148462057113647, 0.7599896788597107, 0.8467419147491455, 0.822966456413269, 0.8055318593978882, 0.5392966866493225, 0.9500449299812317]"
AA34443,0.63,"[0.8093345165252686, 0.29982107877731323, 0.2896949052810669, 0.3168782889842987, 0.207146555185318, 0.4001184105873108, 0.16226810216903687, 0.33543533086776733, 0.9172331690788269]"
AS236NX,0.59,"[0.6986302733421326, 0.13812699913978577, 0.8966702818870544, 0.2672077417373657, 0.1624457836151123, 0.29823797941207886, 0.09408942610025406, 0.6490391492843628, 0.9997088313102722]"
34333S9,0.68,"[0.2722081243991852, 0.35175904631614685, 0.8135175108909607, 0.26720860600471497, 0.4891400933265686, 0.2080506831407547, 0.16072411835193634, 0.20407578349113464, 0.9866699576377869]"
A182NS9,0.73,"[0.21178241074085236, 0.2772478759288788, 0.27271366119384766, 0.5759008526802063, 0.6721581220626831, 0.10282327234745026, 0.23712338507175446, 0.7077000141143799, 0.9991012811660767]"
AAM4593,0.74,"[0.6202484369277954, 0.41872742772102356, 0.14118507504463196, 0.14056488871574402, 0.18382512032985687, 0.21900637447834015, 0.330983430147171, 0.6620038151741028, 0.9949643611907959]"
63388R2,0.71,"[0.278389573097229, 0.4537205994129181, 0.7189248204231262, 0.5089221596717834, 0.3940694332122803, 0.14867839217185974, 0.14619524776935577, 0.8747079968452454, 0.9901244044303894]"
AO8328R,0.58,"[0.8510774970054626, 0.3986291289329529, 0.3935149312019348, 0.2921714782714844, 0.3443163335323334, 0.26162466406822205, 0.2229749709367752, 0.8411027789115906, 0.9999638795852661]"
KM84433,0.50,"[0.5011873841285706, 0.3082682192325592, 0.19911260902881622, 0.23238076269626617, 0.1634744107723236, 0.1860968917608261, 0.2413158267736435, 0.8265785574913025, 0.9961973428726196]"
X22N598,0.66,"[0.32038480043411255, 0.6110026836395264, 0.3275836110115051, 0.190127432346344, 0.2017877995967865, 0.2362547665834427, 0.17234830558300018, 0.8454766273498535, 0.9972907900810242]"
ABZN288,0.74,"[0.7320876717567444, 0.1500900685787201, 0.5191972851753235, 0.6798306703567505, 0.24323898553848267, 0.22808285057544708, 0.2981894910335541, 0.9113600254058838, 0.9986442923545837]"
834NN58,0.68,"[0.26289045810699463, 0.8235508799552917, 0.6055833101272583, 0.730360746383667, 0.6194453239440918, 0.3123353123664856, 0.2683233320713043, 0.9023922085762024, 0.9942522644996643]"
KB32839,0.54,"[0.1487048715353012, 0.23504573106765747, 0.23464590311050415, 0.20246368646621704, 0.2771725654602051, 0.4017614424228668, 0.28318384289741516, 0.5851898193359375, 0.9989703893661499]"
A333886,0.65,"[0.48580068349838257, 0.25630834698677063, 0.6950873732566833, 0.2727208435535431, 0.3998646140098572, 0.4258672893047333, 0.18808774650096893, 0.41823333501815796, 0.9979693293571472]"
XD2269A,0.72,"[0.4085903465747833, 0.4524526000022888, 0.7551500201225281, 0.18135270476341248, 0.1742444932460785, 0.13018448650836945, 0.14990568161010742, 0.293150395154953, 0.9855288863182068]"
AX2286R,0.74,"[0.702528178691864, 0.482724130153656, 0.4236316382884979, 0.23969264328479767, 0.41438379883766174, 0.297433465719223, 0.13348925113677979, 0.5509878396987915, 0.9993322491645813]"
5223882,0.72,"[0.4874599874019623, 0.20626072585582733, 0.7338196635246277, 0.23141084611415863, 0.47832411527633667, 0.39375874400138855, 0.12207359075546265, 0.474415123462677, 0.9985067248344421]"
W82NRRK,0.72,"[0.2686876654624939, 0.8301486372947693, 0.390593945980072, 0.31159794330596924, 0.40292295813560486, 0.3152051568031311, 0.5614407062530518, 0.8783971667289734, 0.9981999397277832]"
A826NBK,0.66,"[0.9025850892066956, 0.8131380081176758, 0.9895514845848083, 0.4359276592731476, 0.2518584430217743, 0.27730509638786316, 0.4292907416820526, 0.9762659072875977, 0.9999736547470093]"
A222MRH,0.65,"[0.7470254898071289, 0.23786421120166779, 0.4451322555541992, 0.5605366230010986, 0.17686696350574493, 0.1250135898590088, 0.09257940202951431, 0.8904180526733398, 0.9987567663192749]"
AX89283,0.70,"[0.3304249048233032, 0.420518159866333, 0.238937109708786, 0.7052561044692993, 0.3148561418056488, 0.192893847823143, 0.21879982948303223, 0.4779335856437683, 0.9916348457336426]"
AG928PP,0.74,"[0.5226526856422424, 0.5493301153182983, 0.2162531614303589, 0.14239844679832458, 0.1697576642036438, 0.3559242784976959, 0.23401311039924622, 0.9952972531318665, 0.9999063014984131]"
A327N97,0.75,"[0.9279157519340515, 0.6039354801177979, 0.40395987033843994, 0.2707989513874054, 0.5465750694274902, 0.15985845029354095, 0.1977478563785553, 0.9914592504501343, 0.9987988471984863]"
A321N9X,0.73,"[0.5656436085700989, 0.3021523654460907, 0.8383706212043762, 0.24223126471042633, 0.13569395244121552, 0.15122349560260773, 0.3534524142742157, 0.9781633019447327, 0.9999133348464966]"
K2299RR,0.71,"[0.7677834033966064, 0.13536053895950317, 0.9164319038391113, 0.6526430249214172, 0.4033992290496826, 0.14527727663516998, 0.21676801145076752, 0.9698464274406433, 0.9998482465744019]"
A824NRR,0.71,"[0.5143772959709167, 0.23872601985931396, 0.959372878074646, 0.23006267845630646, 0.2055143564939499, 0.3334428369998932, 0.6234956979751587, 0.8764708042144775, 0.9983080625534058]"
63X8HPX,0.69,"[0.48256024718284607, 0.4686753749847412, 0.26244133710861206, 0.4777827858924866, 0.2147643119096756, 0.09891015291213989, 0.15656454861164093, 0.791186511516571, 0.9982576966285706]"
AG34NSR,0.71,"[0.9604723453521729, 0.24630825221538544, 0.4389733076095581, 0.25136032700538635, 0.7196974754333496, 0.212585911154747, 0.12684501707553864, 0.9945904016494751, 0.9999544620513916]"
NB378NP,0.71,"[0.4770241975784302, 0.3057888448238373, 0.39180004596710205, 0.2609250545501709, 0.4007914960384369, 0.24993784725666046, 0.2605831027030945, 0.5844312310218811, 0.9964712858200073]"
NX82XSK,0.71,"[0.504645586013794, 0.22920972108840942, 0.20951272547245026, 0.184437096118927, 0.2864528298377991, 0.11434975266456604, 0.18059305846691132, 0.7512193322181702, 0.9958908557891846]"
A3218NP,0.75,"[0.8540029525756836, 0.7058733105659485, 0.8397755026817322, 0.5344350934028625, 0.19365453720092773, 0.27309009432792664, 0.3004332482814789, 0.39751869440078735, 0.9952191710472107]"
AD2881R,0.70,"[0.8902665972709656, 0.4993590712547302, 0.4973752200603485, 0.2405065894126892, 0.3299199640750885, 0.13436956703662872, 0.6461869478225708, 0.6744027137756348, 0.9964926838874817]"
AO23MSR,0.71,"[0.9947803020477295, 0.3508366644382477, 0.9974732995033264, 0.6347635984420776, 0.16730767488479614, 0.32009491324424744, 0.66074138879776, 0.9419967532157898, 0.9989508390426636]"
KA248RR,0.69,"[0.5504640340805054, 0.12940670549869537, 0.9582386612892151, 0.2063113898038864, 0.20802247524261475, 0.2529416084289551, 0.29335659742355347, 0.9784137010574341, 0.9999127388000488]"
R448RRR,0.70,"[0.42405393719673157, 0.6815926432609558, 0.6823650598526001, 0.15365144610404968, 0.17790503799915314, 0.7600933909416199, 0.23720113933086395, 0.918729841709137, 0.9994596838951111]"
R848NRR,0.71,"[0.7004273533821106, 0.14726300537586212, 0.5131887197494507, 0.25433415174484253, 0.1937350034713745, 0.43832120299339294, 0.19164083898067474, 0.9367353916168213, 0.9992064833641052]"
AG88NPP,0.71,"[0.7466835975646973, 0.35724446177482605, 0.34947121143341064, 0.44159841537475586, 0.346204549074173, 0.2518828809261322, 0.2209583967924118, 0.9239694476127625, 0.9997050166130066]"
NG8299P,0.73,"[0.4180279076099396, 0.6076205968856812, 0.2749999463558197, 0.19956174492835999, 0.21733762323856354, 0.37523165345191956, 0.20001216232776642, 0.8898602724075317, 0.9998704195022583]"
AO37RRP,0.73,"[0.2944822311401367, 0.21266798675060272, 0.7307831048965454, 0.279105007648468, 0.19413429498672485, 0.15507538616657257, 0.2600367069244385, 0.9807162880897522, 0.999977707862854]"
NO37NSP,0.70,"[0.24647271633148193, 0.29977676272392273, 0.762875497341156, 0.1982886642217636, 0.30235451459884644, 0.10639923065900803, 0.39497295022010803, 0.9832997918128967, 0.9999438524246216]"
AO32KSP,0.69,"[0.6462098360061646, 0.4425854980945587, 0.9099248647689819, 0.33162736892700195, 0.1764911562204361, 0.15859456360340118, 0.2823866307735443, 0.8426438570022583, 0.9998453855514526]"
A388RSP,0.68,"[0.38909614086151123, 0.18739163875579834, 0.5334860682487488, 0.3058874011039734, 0.3084935247898102, 0.2790607810020447, 0.29234057664871216, 0.8308338522911072, 0.9996402263641357]"
A388R88,0.70,"[0.6163589358329773, 0.19298861920833588, 0.3317292630672455, 0.43263721466064453, 0.3319363594055176, 0.3150377869606018, 0.223579540848732, 0.8030812740325928, 0.9966201782226562]"
A488R9P,0.63,"[0.5104050040245056, 0.5076311230659485, 0.2789857089519501, 0.20686081051826477, 0.33854377269744873, 0.4261954724788666, 0.9532503485679626, 0.9892848134040833, 0.9999545812606812]"
K882998,0.67,"[0.23657093942165375, 0.28895696997642517, 0.8668488264083862, 0.19504588842391968, 0.38731062412261963, 0.7129338383674622, 0.21015198528766632, 0.9845188856124878, 0.9998563528060913]"
B882999,0.65,"[0.20801247656345367, 0.3651863634586334, 0.9093894958496094, 0.24275511503219604, 0.6491444110870361, 0.3897009789943695, 0.13196513056755066, 0.7635182738304138, 0.9989356398582458]"
S882997,0.67,"[0.17883998155593872, 0.38349437713623047, 0.7169387936592102, 0.249690979719162, 0.4755760431289673, 0.25835224986076355, 0.14356689155101776, 0.931823194026947, 0.9999037981033325]"
6488R88,0.63,"[0.2437557876110077, 0.4245995283126831, 0.4768841564655304, 0.19914017617702484, 0.24729977548122406, 0.11195783317089081, 0.1395692229270935, 0.9110537767410278, 0.9990590214729309]"
A886KPP,0.73,"[0.2662951648235321, 0.29465192556381226, 0.3234540820121765, 0.47507989406585693, 0.1744478940963745, 0.10558965057134628, 0.20472975075244904, 0.7087885737419128, 0.9949076771736145]"
AHZRRX2,0.68,"[0.7117393016815186, 0.14188030362129211, 0.4700982868671417, 0.20921817421913147, 0.11932928115129471, 0.20978963375091553, 0.15388858318328857, 0.8957898616790771, 0.9975861310958862]"
A88NKN2,0.70,"[0.9805290102958679, 0.24098213016986847, 0.743057906627655, 0.31776493787765503, 0.8266355395317078, 0.20434093475341797, 0.12490911036729813, 0.8643023371696472, 0.9988296627998352]"
A89248R,0.65,"[0.6857631802558899, 0.22357487678527832, 0.32989057898521423, 0.38477954268455505, 0.23268502950668335, 0.2495572715997696, 0.3119259178638458, 0.42077744007110596, 0.9966040849685669]"
K222388,0.69,"[0.3319842219352722, 0.2235245406627655, 0.21230816841125488, 0.16783055663108826, 0.24601887166500092, 0.3350335955619812, 0.24295155704021454, 0.36774739623069763, 0.9885363578796387]"
3828KS3,0.67,"[0.37007999420166016, 0.31460633873939514, 0.9128525257110596, 0.2171057015657425, 0.5036580562591553, 0.19207431375980377, 0.20713402330875397, 0.9714055061340332, 0.9995741248130798]"
A828K48,0.62,"[0.3682169020175934, 0.7766585946083069, 0.9215312004089355, 0.2765711545944214, 0.2413591742515564, 0.3433380424976349, 0.3342154920101166, 0.7922347784042358, 0.9993022680282593]"
K0838R3,0.65,"[0.862847089767456, 0.3335755169391632, 0.6791847348213196, 0.4055730998516083, 0.36515313386917114, 0.18477363884449005, 0.15911966562271118, 0.42583751678466797, 0.9945874214172363]"
AN2888K,0.56,"[0.23305127024650574, 0.12300398200750351, 0.5485699772834778, 0.16832144558429718, 0.29505905508995056, 0.2134702205657959, 0.1715506613254547, 0.3417070508003235, 0.9852205514907837]"
A822888,0.60,"[0.1339406967163086, 0.49625375866889954, 0.7570802569389343, 0.3768008053302765, 0.36833226680755615, 0.3384552001953125, 0.20627868175506592, 0.37217873334884644, 0.6971681118011475]"
B838R82,0.73,"[0.5570021271705627, 0.9292266964912415, 0.9850764870643616, 0.6338541507720947, 0.40209612250328064, 0.29162466526031494, 0.13321156799793243, 0.5853883624076843, 0.9657987356185913]"
83A8899,0.68,"[0.38640111684799194, 0.32353901863098145, 0.1741926223039627, 0.1628423035144806, 0.3712224066257477, 0.5889665484428406, 0.3453463613986969, 0.585051953792572, 0.8730200529098511]"
XX28888,0.73,"[0.6530219912528992, 0.18443050980567932, 0.6646386981010437, 0.5259584188461304, 0.3370136022567749, 0.2823408246040344, 0.2585560083389282, 0.4668090343475342, 0.9855371117591858]"
LA61FMA,0.53,"[0.7238591313362122, 0.9989213943481445, 0.9963228702545166, 0.9975103139877319, 0.9923378825187683, 0.6890765428543091, 0.9564900398254395, 0.9975312948226929, 0.9998738765716553]"
EA51FNA,0.51,"[0.9148895144462585, 0.9184191226959229, 0.4642810523509979, 0.5134793519973755, 0.4523335099220276, 0.325386106967926, 0.9401004910469055, 0.9950662851333618, 0.9997010231018066]"
EX81PAA,0.56,"[0.9181874394416809, 0.9853737354278564, 0.7154214978218079, 0.5486897230148315, 0.2967868149280548, 0.32123640179634094, 0.8725224733352661, 0.9981452226638794, 0.9999542236328125]"
EX611MA,0.61,"[0.5497024059295654, 0.5346540808677673, 0.6897240877151489, 0.6250320672988892, 0.4098084568977356, 0.941307544708252, 0.9697913527488708, 0.9544847011566162, 0.9997164607048035]"
LX61FMA,0.50,"[0.528753936290741, 0.8004764914512634, 0.912143886089325, 0.5594529509544373, 0.7482117414474487, 0.25664636492729187, 0.8874412775039673, 0.9980815649032593, 0.9999473094940186]"
LX51FMA,0.60,"[0.5330265760421753, 0.9975379705429077, 0.5117586255073547, 0.9546993374824524, 0.9865953922271729, 0.46224674582481384, 0.9376030564308167, 0.9997983574867249, 0.9999700784683228]"
LX51FAA,0.59,"[0.9335657358169556, 0.9972478747367859, 0.625587522983551, 0.9529510736465454, 0.9958695769309998, 0.5220174193382263, 0.9726574420928955, 0.9997590184211731, 0.9999890327453613]"
LXG1FMA,0.55,"[0.9970341920852661, 0.998332679271698, 0.8357718586921692, 0.9880036115646362, 0.9989432692527771, 0.9268665909767151, 0.9959614872932434, 0.9998165965080261, 0.9999974966049194]"
EX61FWA,0.65,"[0.4850585162639618, 0.9808655977249146, 0.9753730297088623, 0.9398335218429565, 0.9971542358398438, 0.45121362805366516, 0.8955256342887878, 0.9998063445091248, 0.9999991655349731]"
EX61FMA,0.68,"[0.45829010009765625, 0.977897584438324, 0.9858942031860352, 0.8607980012893677, 0.9833343625068665, 0.40041929483413696, 0.9686718583106995, 0.9996404647827148, 0.9999985694885254]"
LX61FWA,0.69,"[0.46739888191223145, 0.9662518501281738, 0.9921528697013855, 0.9960249662399292, 0.9972206354141235, 0.7236728668212891, 0.9894323348999023, 0.9998201727867126, 0.9999984502792358]"
CX61FWA,0.75,"[0.390164315700531, 0.5486767888069153, 0.9467024207115173, 0.9791994690895081, 0.9997254014015198, 0.731552243232727, 0.9859648942947388, 0.999671459197998, 0.9999983310699463]"
CX61FMA,0.74,"[0.5455654263496399, 0.8779839277267456, 0.9994860887527466, 0.9757577776908875, 0.9999377727508545, 0.9426796436309814, 0.9806133508682251, 0.999984622001648, 0.9999997615814209]"
BX61FMA,0.74,"[0.7668224573135376, 0.9998273849487305, 0.9971994161605835, 0.9695063233375549, 0.9999188184738159, 0.9985378980636597, 0.9999943971633911, 0.9999752044677734, 0.999997615814209]"
EX61FNA,0.76,"[0.9999920129776001, 0.9999821186065674, 0.9999936819076538, 0.999853253364563, 0.9999963045120239, 0.7358519434928894, 0.9999620914459229, 0.9999957084655762, 1.0]"
EX61FKA,0.71,"[0.9999852180480957, 0.9997451901435852, 0.9998500347137451, 0.9988321661949158, 0.999975323677063, 0.32769474387168884, 0.9988589286804199, 0.9999977350234985, 1.0]"
X88N888,0.65,"[0.25802239775657654, 0.4028232991695404, 0.20398247241973877, 0.16834479570388794, 0.35515761375427246, 0.27107948064804077, 0.18231676518917084, 0.589414656162262, 0.9631485939025879]"
Y833888,0.70,"[0.3415887951850891, 0.211339071393013, 0.2766675651073456, 0.12679117918014526, 0.28769025206565857, 0.6346837282180786, 0.5071710348129272, 0.35644644498825073, 0.866759717464447]"
2039886,0.71,"[0.2849586308002472, 0.26183897256851196, 0.1890173852443695, 0.3537234961986542, 0.7210178375244141, 0.4051814377307892, 0.35582298040390015, 0.4762752950191498, 0.956112265586853]"
3323383,0.73,"[0.5798821449279785, 0.676928699016571, 0.42752358317375183, 0.3277144134044647, 0.31378141045570374, 0.4140217900276184, 0.21910974383354187, 0.7387793660163879, 0.9786056876182556]"
3023588,0.71,"[0.6562151312828064, 0.5570136308670044, 0.9665266871452332, 0.2785174250602722, 0.27353131771087646, 0.6016095876693726, 0.3982529044151306, 0.4877825379371643, 0.9795676469802856]"
5834388,0.75,"[0.22921884059906006, 0.2868393361568451, 0.4442986249923706, 0.27783483266830444, 0.2728904187679291, 0.7582541108131409, 0.53190678358078, 0.3821873962879181, 0.997281551361084]"
1829338,0.68,"[0.17817306518554688, 0.8695558905601501, 0.5062897205352783, 0.34537774324417114, 0.4959392547607422, 0.40784892439842224, 0.3883422017097473, 0.8762286901473999, 0.9998490810394287]"
3029588,0.75,"[0.6227826476097107, 0.29745787382125854, 0.9805732369422913, 0.27647849917411804, 0.4206168055534363, 0.6433520317077637, 0.7116329073905945, 0.7518329620361328, 0.9965893030166626]"
3823588,0.74,"[0.3917643129825592, 0.5316888093948364, 0.5817304849624634, 0.526057243347168, 0.9746062755584717, 0.5331072807312012, 0.5943644642829895, 0.8417524695396423, 0.9994718432426453]"
5958B88,0.71,"[0.13846354186534882, 0.3509722650051117, 0.2788712680339813, 0.25814908742904663, 0.3493238389492035, 0.43019765615463257, 0.44623512029647827, 0.42580270767211914, 0.9999409914016724]"
2828888,0.75,"[0.7238829135894775, 0.9353494644165039, 0.9924772381782532, 0.5170702338218689, 0.598548173904419, 0.7879606485366821, 0.6160742044448853, 0.9035128355026245, 0.999777615070343]"
2824600,0.74,"[0.30395323038101196, 0.780231773853302, 0.9820828437805176, 0.5567898154258728, 0.6548239588737488, 0.7222912907600403, 0.5578343868255615, 0.9496099352836609, 0.9997797608375549]"
X0246B8,0.71,"[0.8953188061714172, 0.5300042033195496, 0.9851810932159424, 0.8820363283157349, 0.4603503942489624, 0.6949045062065125, 0.3504180610179901, 0.6802796721458435, 0.9991939663887024]"
KO26EO6,0.72,"[0.42411497235298157, 0.24635209143161774, 0.9670414924621582, 0.4677135944366455, 0.8787057995796204, 0.5452850461006165, 0.2922690808773041, 0.6858338117599487, 0.9998435974121094]"
V224600,0.71,"[0.2726922035217285, 0.325745165348053, 0.5407120585441589, 0.7896331548690796, 0.23635756969451904, 0.59632807970047, 0.2388835996389389, 0.9901288151741028, 0.9999182224273682]"
K044C08,0.68,"[0.5135052800178528, 0.44090428948402405, 0.6668207049369812, 0.7332097291946411, 0.1980479210615158, 0.5682111978530884, 0.6210631728172302, 0.9880982041358948, 0.9998483657836914]"
Y024EO8,0.75,"[0.6098421812057495, 0.4454173743724823, 0.987594485282898, 0.9975964426994324, 0.9941224455833435, 0.39903488755226135, 0.5035277605056763, 0.9979524612426758, 0.9999991655349731]"
YC24501,0.73,"[0.9709537029266357, 0.9168055653572083, 0.9814136624336243, 0.9993185997009277, 0.9412763714790344, 0.4876537322998047, 0.47942864894866943, 0.9922546148300171, 0.9999984502792358]"
XO24E88,0.72,"[0.5552628040313721, 0.49812355637550354, 0.9757172465324402, 0.9988473653793335, 0.8292979001998901, 0.2451580911874771, 0.4920913875102997, 0.9987562894821167, 0.9999985694885254]"
Y024EGU,0.73,"[0.4948343336582184, 0.9051092863082886, 0.9999074935913086, 0.9822455644607544, 0.9963196516036987, 0.30834195017814636, 0.47999462485313416, 0.9998505115509033, 0.9999996423721313]"
X024CCU,0.69,"[0.47924166917800903, 0.7806938886642456, 0.9878430366516113, 0.7018092274665833, 0.35192206501960754, 0.43435007333755493, 0.9387125968933105, 0.9923384189605713, 0.9999996423721313]"
Y024EO4,0.66,"[0.9930338859558105, 0.4767829477787018, 0.9971303343772888, 0.7283320426940918, 0.9527908563613892, 0.35100558400154114, 0.3094908595085144, 0.9882760643959045, 0.9999940395355225]"
YO24EDU,0.74,"[0.9882473349571228, 0.8889565467834473, 0.9984172582626343, 0.970834493637085, 0.8696997165679932, 0.6251974105834961, 0.9505948424339294, 0.9993594288825989, 0.9999957084655762]"
YO24EOU,0.71,"[0.9504130482673645, 0.8449096083641052, 0.9916218519210815, 0.9953959584236145, 0.9936842322349548, 0.8979992866516113, 0.8558418154716492, 0.9998075366020203, 0.9999988079071045]"
YO24EDT,0.65,"[0.9982122182846069, 0.8376386761665344, 0.9976644515991211, 0.9999368190765381, 0.9941668510437012, 0.5568738579750061, 0.19495533406734467, 0.9773086905479431, 0.9999514818191528]"
YQ34EOG,0.65,"[0.9970139265060425, 0.9136404395103455, 0.5604201555252075, 0.9998218417167664, 0.8946493268013, 0.8774634003639221, 0.3384837806224823, 0.9988932013511658, 0.999995231628418]"
Y024EOO,0.63,"[0.9806393980979919, 0.6265037059783936, 0.9979718327522278, 0.9992141723632812, 0.3491513729095459, 0.8832358717918396, 0.5360045433044434, 0.9955839514732361, 0.9999964237213135]"
Y021EO1,0.69,"[0.9793258905410767, 0.5578498244285583, 0.9598469138145447, 0.5030394792556763, 0.9094136357307434, 0.429989755153656, 0.3353121876716614, 0.9438467621803284, 0.9999167919158936]"
YD24EO4,0.65,"[0.9392121434211731, 0.5264114737510681, 0.9764477610588074, 0.9909949898719788, 0.9994685053825378, 0.6234583258628845, 0.4672136604785919, 0.9972609281539917, 0.9999655485153198]"
XD24EOI,0.67,"[0.9218372106552124, 0.9035629630088806, 0.5900006294250488, 0.9130943417549133, 0.762732744216919, 0.695398211479187, 0.24146108329296112, 0.7994123697280884, 0.9989621639251709]"
YD24458,0.68,"[0.9818082451820374, 0.6633918881416321, 0.9987027645111084, 0.98579341173172, 0.9502676129341125, 0.3777789771556854, 0.28899917006492615, 0.9524092078208923, 0.9999810457229614]"
YD24EUN,0.60,"[0.957110583782196, 0.4662518799304962, 0.9999843835830688, 0.7366063594818115, 0.9998608827590942, 0.9822584390640259, 0.5034926533699036, 0.8294839262962341, 0.9999817609786987]"
YO24EON,0.66,"[0.9870375394821167, 0.4601094126701355, 0.9934166669845581, 0.9928320646286011, 0.9968718886375427, 0.6100214123725891, 0.49507322907447815, 0.999758780002594, 0.9999998807907104]"
YO24EOJ,0.68,"[0.9650839567184448, 0.8231415748596191, 0.9756431579589844, 0.9882422089576721, 0.9799956679344177, 0.4014740288257599, 0.39434972405433655, 0.9998914003372192, 0.9999943971633911]"
YO24EQU,0.64,"[0.9403492212295532, 0.7392932176589966, 0.998979389667511, 0.9983482360839844, 0.9995999932289124, 0.9091134667396545, 0.9984080195426941, 0.9999828338623047, 0.9999984502792358]"
YD24EOU,0.66,"[0.8621229529380798, 0.7122820019721985, 0.9990713596343994, 0.9994804263114929, 0.9998902082443237, 0.8346153497695923, 0.9969559907913208, 0.9999045133590698, 0.9999974966049194]"
YO24ECU,0.71,"[0.9894320964813232, 0.740757405757904, 0.9987432360649109, 0.9999693632125854, 0.9693925976753235, 0.771181046962738, 0.9935146570205688, 0.9999958276748657, 0.9999953508377075]"
YD24CCO,0.67,"[0.993267297744751, 0.6659491062164307, 0.9838367104530334, 0.9959264993667603, 0.6923946142196655, 0.8308573365211487, 0.5006215572357178, 0.9998623132705688, 0.9999630451202393]"
YO24ENI,0.65,"[0.997582197189331, 0.8960933089256287, 0.9994902610778809, 0.9996515512466431, 0.8975762724876404, 0.5328447818756104, 0.4843709170818329, 0.9998464584350586, 0.9999315738677979]"
TO24EDM,0.64,"[0.7440835237503052, 0.8249496221542358, 0.9792072176933289, 0.9995076656341553, 0.9980510473251343, 0.5183708071708679, 0.2321637123823166, 0.9902980923652649, 0.9998750686645508]"
YO24EDN,0.54,"[0.7544389963150024, 0.8019428849220276, 0.9263057112693787, 0.9976930022239685, 0.9986420273780823, 0.9194665551185608, 0.23552510142326355, 0.9719887375831604, 0.9999091625213623]"
VU24EOT,0.54,"[0.9752035140991211, 0.941761314868927, 0.8931402564048767, 0.994766116142273, 0.9391751289367676, 0.4665301740169525, 0.5694050788879395, 0.8421004414558411, 0.9991459846496582]"
V044CCJ,0.62,"[0.8554474115371704, 0.3270919620990753, 0.3248610198497772, 0.7650228142738342, 0.18859454989433289, 0.15845206379890442, 0.4594855010509491, 0.8866717219352722, 0.9993758797645569]"
YG24EII,0.59,"[0.9763685464859009, 0.4284939765930176, 0.7326290011405945, 0.9897013902664185, 0.7388625741004944, 0.23081260919570923, 0.5218650698661804, 0.9777933955192566, 0.9983660578727722]"
Y024EDU,0.60,"[0.9780789017677307, 0.3786502182483673, 0.6860941648483276, 0.9398429989814758, 0.7026102542877197, 0.1374817192554474, 0.31687650084495544, 0.9696411490440369, 0.9992901086807251]"
YO24EEI,0.56,"[0.4231937825679779, 0.5073289275169373, 0.665203869342804, 0.9925881028175354, 0.9916724562644958, 0.564744770526886, 0.41241317987442017, 0.4801321029663086, 0.998521625995636]"
YO24EDJ,0.55,"[0.5285316705703735, 0.6594370007514954, 0.8406501412391663, 0.990896999835968, 0.989910900592804, 0.26394614577293396, 0.44749003648757935, 0.9599611759185791, 0.9994496703147888]"
AAK8888,0.57,"[0.32274478673934937, 0.27612215280532837, 0.19792373478412628, 0.20777678489685059, 0.8989283442497253, 0.8582730293273926, 0.729858934879303, 0.8424333930015564, 0.9981971383094788]"
BA28088,0.59,"[0.3921603858470917, 0.3143061399459839, 0.9349750280380249, 0.6892672777175903, 0.9383447766304016, 0.6257985234260559, 0.7564508318901062, 0.7775869369506836, 0.9998205304145813]"
A720GGU,0.53,"[0.9979091286659241, 0.500207781791687, 0.9983569979667664, 0.9342941641807556, 0.5345258116722107, 0.6252699494361877, 0.9288870692253113, 0.9253766536712646, 0.9999805688858032]"
AY20GSU,0.65,"[0.9990634322166443, 0.42524027824401855, 0.9993658661842346, 0.36265143752098083, 0.22335174679756165, 0.877490758895874, 0.9565057754516602, 0.7034681439399719, 0.9999951124191284]"
NV20QSU,0.57,"[0.5498237609863281, 0.9017378091812134, 0.9926522970199585, 0.921018123626709, 0.8824505805969238, 0.9989871382713318, 0.9801616668701172, 0.9992995262145996, 0.9999995231628418]"
NV20GSU,0.62,"[0.940485954284668, 0.9535617828369141, 0.9940668344497681, 0.7988599538803101, 0.8523184061050415, 0.9967854022979736, 0.4226335883140564, 0.9996180534362793, 0.9999967813491821]"
AV20GSO,0.56,"[0.5133625268936157, 0.9654582738876343, 0.9992306232452393, 0.6566395163536072, 0.5412208437919617, 0.9974464178085327, 0.391762912273407, 0.9992935657501221, 0.9999973773956299]"
NV20GSO,0.55,"[0.6999304890632629, 0.9013493657112122, 0.9998577833175659, 0.9088900685310364, 0.6238648295402527, 0.9991165995597839, 0.4250590205192566, 0.9997090697288513, 0.9999980926513672]"
AV20GSM,0.58,"[0.6593725085258484, 0.9804449081420898, 0.9997115731239319, 0.9159702062606812, 0.8152021765708923, 0.9995618462562561, 0.6563601493835449, 0.9653462767601013, 0.9999843835830688]"
N920GSV,0.59,"[0.6391556859016418, 0.9698412418365479, 0.9999934434890747, 0.9709157347679138, 0.8170084357261658, 0.999889612197876, 0.3397018313407898, 0.9848353862762451, 0.9999325275421143]"
AV20GSN,0.53,"[0.9892618656158447, 0.9676856994628906, 0.9999691247940063, 0.9749302268028259, 0.9745882153511047, 0.9999792575836182, 0.5091264247894287, 0.9747543334960938, 0.9999951124191284]"
AY311R1,0.63,"[0.7757461667060852, 0.520179033279419, 0.9723377823829651, 0.8285772204399109, 0.15915848314762115, 0.2875514030456543, 0.30670422315597534, 0.943477213382721, 0.9996519088745117]"
AY10GGA,0.60,"[0.9911995530128479, 0.876337468624115, 0.8133469820022583, 0.3916609287261963, 0.705197811126709, 0.1665978580713272, 0.1332319676876068, 0.8992897272109985, 0.9999686479568481]"
AY18011,0.51,"[0.9793197512626648, 0.9964920878410339, 0.5335890650749207, 0.12372761964797974, 0.1800847053527832, 0.24807430803775787, 0.38676759600639343, 0.972176194190979, 0.9999434947967529]"
FINI541,0.55,"[0.574499249458313, 0.340837687253952, 0.21144576370716095, 0.1455666571855545, 0.14162857830524445, 0.17705795168876648, 0.3603883981704712, 0.7851471304893494, 0.993759036064148]"
PN51AAH,0.59,"[0.4460963308811188, 0.5670795440673828, 0.4657721221446991, 0.19918714463710785, 0.437845379114151, 0.3704533278942108, 0.11405076086521149, 0.9691748023033142, 0.9998082518577576]"
FM75ATO,0.55,"[0.9990308284759521, 0.7542795538902283, 0.6355003118515015, 0.9983037710189819, 0.7027932405471802, 0.647315263748169, 0.46536415815353394, 0.9999786615371704, 0.9999889135360718]"
FM55AWO,0.53,"[0.8232266306877136, 0.9778328537940979, 0.7212476134300232, 0.9240013360977173, 0.4403687119483948, 0.10081428289413452, 0.7706392407417297, 0.999004065990448, 0.9999531507492065]"
TM85ATP,0.62,"[0.6350842118263245, 0.7901231050491333, 0.5235100388526917, 0.9966861605644226, 0.9534034729003906, 0.4306042492389679, 0.3337622880935669, 0.998548686504364, 0.9999716281890869]"
P115ATJ,0.71,"[0.9363657832145691, 0.6959614157676697, 0.5986641049385071, 0.9694412350654602, 0.34227925539016724, 0.3111918270587921, 0.15154483914375305, 0.9515419006347656, 0.9978933930397034]"
F115MTD,0.69,"[0.9997246861457825, 0.36896565556526184, 0.7174435257911682, 0.9275069236755371, 0.6338261365890503, 0.375855416059494, 0.2634951174259186, 0.9923438429832458, 0.9991586208343506]"
FE15A11,0.72,"[0.9998306035995483, 0.34279417991638184, 0.41985082626342773, 0.9158449172973633, 0.31758540868759155, 0.38950249552726746, 0.30389225482940674, 0.5304073095321655, 0.9985053539276123]"
E749A77,0.69,"[0.8171502351760864, 0.3786150813102722, 0.34961724281311035, 0.9741655588150024, 0.20982113480567932, 0.18075509369373322, 0.31024330854415894, 0.7155722975730896, 0.9935637712478638]"
GWQW01A,0.53,"[0.6767532825469971, 0.22868718206882477, 0.2200506031513214, 0.13368982076644897, 0.18089915812015533, 0.6900394558906555, 0.28997287154197693, 0.9689662456512451, 0.9995563626289368]"
GP14PVD,0.60,"[0.5948836803436279, 0.9214603304862976, 0.43536701798439026, 0.9578812718391418, 0.8656561374664307, 0.8646584153175354, 0.16685059666633606, 0.9981443881988525, 0.9999988079071045]"
SP14PVV,0.65,"[0.944654107093811, 0.5405829548835754, 0.9987082481384277, 0.8570864200592041, 0.9341604709625244, 0.9297451376914978, 0.6881088614463806, 0.9836879968643188, 0.9999982118606567]"
SW14PVV,0.73,"[0.9841448664665222, 0.25979265570640564, 0.7214056253433228, 0.9896028637886047, 0.998627781867981, 0.9603860378265381, 0.8412787318229675, 0.9994446635246277, 0.999993085861206]"
SP14PWU,0.68,"[0.9998985528945923, 0.7438102960586548, 0.9324280023574829, 0.9561846852302551, 0.9992958307266235, 0.6955900192260742, 0.8602360486984253, 0.9998760223388672, 0.9999984502792358]"
5P14PVU,0.68,"[0.877973198890686, 0.9662047624588013, 0.9089661836624146, 0.9952054023742676, 0.9707058668136597, 0.9579085111618042, 0.6809755563735962, 0.9991427659988403, 0.9999991655349731]"
973PPVV,0.69,"[0.9149603247642517, 0.3385627269744873, 0.28737565875053406, 0.39063528180122375, 0.8364898562431335, 0.4874308109283447, 0.23148372769355774, 0.929596483707428, 0.9999104738235474]"
PHV11,0.63,"[0.09309682995080948, 0.18417522311210632, 0.15466392040252686, 0.2819148004055023, 0.35679927468299866, 0.49293631315231323, 0.981063961982727, 0.9989913105964661, 0.999909520149231]"
1111W,0.60,"[0.5465733408927917, 0.31553804874420166, 0.8687362670898438, 0.21895582973957062, 0.1326841413974762, 0.25150012969970703, 0.6910589337348938, 0.9653612375259399, 0.9977495074272156]"
KA01PMC,0.64,"[0.9556848406791687, 0.46267715096473694, 0.3725154995918274, 0.3667891323566437, 0.7289137244224548, 0.1685858964920044, 0.21219952404499054, 0.8815194368362427, 0.9961124062538147]"
KB30PWW,0.55,"[0.5822486877441406, 0.2762015461921692, 0.2616889476776123, 0.4778095483779907, 0.2421029657125473, 0.1626208871603012, 0.5454139709472656, 0.5595088601112366, 0.9993042945861816]"
L000DWW,0.66,"[0.8752202391624451, 0.22267544269561768, 0.27585774660110474, 0.6553337574005127, 0.16690249741077423, 0.8161457777023315, 0.32334357500076294, 0.9341135621070862, 0.9981562495231628]"
L810DWW,0.65,"[0.8883471488952637, 0.34905850887298584, 0.8800209760665894, 0.5475582480430603, 0.7853875160217285, 0.7398877143859863, 0.386614054441452, 0.7326911687850952, 0.9884823560714722]"
LT15DWK,0.61,"[0.9746251106262207, 0.3862496316432953, 0.4328218996524811, 0.7891778945922852, 0.7001867890357971, 0.9478839635848999, 0.7206290364265442, 0.9968996047973633, 0.9954892992973328]"
LD16DNK,0.57,"[0.9590071439743042, 0.9021250009536743, 0.999398946762085, 0.4400706887245178, 0.9931820034980774, 0.47022008895874023, 0.9398279190063477, 0.9998884201049805, 0.9999822378158569]"
1016DMK,0.65,"[0.5416213274002075, 0.518079400062561, 0.998878538608551, 0.9989781379699707, 0.992673933506012, 0.5179296731948853, 0.9268105626106262, 0.9998113512992859, 0.9999704360961914]"
L016DWW,0.67,"[0.9849836230278015, 0.5892873406410217, 0.9948660135269165, 0.9914445281028748, 0.9929293990135193, 0.911101758480072, 0.7513926029205322, 0.9995447993278503, 0.9999328851699829]"
L016DWK,0.69,"[0.9871112704277039, 0.8300186395645142, 0.9971862435340881, 0.9804642796516418, 0.9675988554954529, 0.3723941147327423, 0.9973272085189819, 0.9998905658721924, 0.999871015548706]"
LD1GDWK,0.71,"[0.9999263286590576, 0.9992658495903015, 0.9813401103019714, 0.7495887279510498, 0.9729246497154236, 0.3248535692691803, 0.979560911655426, 0.9904604554176331, 0.9992609620094299]"
LD16BHK,0.76,"[0.9967807531356812, 0.9811766743659973, 0.999841570854187, 0.8817974328994751, 0.9610217809677124, 0.9109383225440979, 0.996278703212738, 0.9976637363433838, 0.9999581575393677]"
LW8BCKK,0.72,"[0.9989961981773376, 0.18548820912837982, 0.6958380937576294, 0.2544505298137665, 0.2107679843902588, 0.38590356707572937, 0.5474118590354919, 0.9997389912605286, 0.99994957447052]"
E125MHM,0.72,"[0.2868092656135559, 0.6844009757041931, 0.3279348611831665, 0.6058976650238037, 0.5741066932678223, 0.35446348786354065, 0.21983475983142853, 0.39297518134117126, 0.9209353923797607]"
MG19XJW,0.71,"[0.44573691487312317, 0.9629534482955933, 0.8426491618156433, 0.9893248677253723, 0.8438363075256348, 0.30941087007522583, 0.5214664340019226, 0.9980800151824951, 0.9999712705612183]"
N819XJJ,0.69,"[0.7412697076797485, 0.165056511759758, 0.2500148415565491, 0.35191279649734497, 0.33478811383247375, 0.8455909490585327, 0.3593633472919464, 0.8311678171157837, 0.9998131394386292]"
NG13NWY,0.72,"[0.409485787153244, 0.7591512799263, 0.4597540497779846, 0.8788182735443115, 0.309180349111557, 0.18482840061187744, 0.2006533145904541, 0.9477963447570801, 0.9998090863227844]"
WG17XA5,0.70,"[0.9848184585571289, 0.8651984930038452, 0.8935210704803467, 0.4925115704536438, 0.9824565649032593, 0.19400903582572937, 0.19658029079437256, 0.7755634188652039, 0.9996578693389893]"
XC6934A,0.66,"[0.7224255204200745, 0.338257372379303, 0.2810400724411011, 0.16817772388458252, 0.4939742684364319, 0.28606513142585754, 0.38646385073661804, 0.2910920977592468, 0.9143143892288208]"
AA88NNA,0.52,"[0.5501023530960083, 0.2841825783252716, 0.3474709093570709, 0.38452422618865967, 0.4292159080505371, 0.277364581823349, 0.19711898267269135, 0.8609730005264282, 0.9932489395141602]"
II58MMA,0.52,"[0.25262749195098877, 0.5001801252365112, 0.45398324728012085, 0.7566629648208618, 0.6185571551322937, 0.8051556944847107, 0.2201540768146515, 0.6273834705352783, 0.9917347431182861]"
DEGRNMA,0.57,"[0.36725950241088867, 0.20557299256324768, 0.24238067865371704, 0.2431163787841797, 0.38592642545700073, 0.20798934996128082, 0.3418430685997009, 0.34269317984580994, 0.9630371332168579]"
DL4NN11,0.61,"[0.44484642148017883, 0.5644065141677856, 0.6941245794296265, 0.3877841830253601, 0.5203102827072144, 0.42030754685401917, 0.46898022294044495, 0.7394780516624451, 0.8463892340660095]"
WL46NII,0.69,"[0.3226091265678406, 0.7742956280708313, 0.3441895842552185, 0.18797124922275543, 0.9746707677841187, 0.3337540030479431, 0.40759095549583435, 0.597101092338562, 0.9988502264022827]"
8L5NNII,0.70,"[0.6392616033554077, 0.9891487956047058, 0.30727121233940125, 0.532217264175415, 0.9866024255752563, 0.3175268769264221, 0.5003623366355896, 0.912960410118103, 0.9999074935913086]"
8LE8NWI,0.69,"[0.6711068153381348, 0.9908445477485657, 0.47156020998954773, 0.394100546836853, 0.713843047618866, 0.5443856716156006, 0.30714717507362366, 0.3732844889163971, 0.9999439716339111]"
BL68NWA,0.71,"[0.5400106906890869, 0.9845484495162964, 0.93536376953125, 0.4893525242805481, 0.5539239048957825, 0.45159822702407837, 0.46553224325180054, 0.9888049364089966, 0.999958872795105]"
BL66NMA,0.69,"[0.964023232460022, 0.9933798313140869, 0.9718548655509949, 0.4279726445674896, 0.6782096028327942, 0.7551504373550415, 0.6175352931022644, 0.8622154593467712, 0.9996674060821533]"
BL66MMA,0.69,"[0.9952698349952698, 0.999244213104248, 0.9972018003463745, 0.8042102456092834, 0.7472052574157715, 0.9970452189445496, 0.5587696433067322, 0.9999966621398926, 1.0]"
88658KK,0.66,"[0.5355827808380127, 0.5199163556098938, 0.692334771156311, 0.983322262763977, 0.6715564727783203, 0.2979966402053833, 0.48296424746513367, 0.8952745795249939, 0.9998971223831177]"
A149WH7,0.55,"[0.7747157216072083, 0.301337867975235, 0.45129674673080444, 0.16734999418258667, 0.6309149265289307, 0.1458805352449417, 0.3735467195510864, 0.9220055341720581, 0.9822285771369934]"
A141WA7,0.61,"[0.7517951726913452, 0.4683046340942383, 0.611659586429596, 0.37933871150016785, 0.7347322106361389, 0.18100866675376892, 0.11419988423585892, 0.8357554078102112, 0.9706900119781494]"
A11WAA1,0.60,"[0.526061475276947, 0.19272223114967346, 0.15117421746253967, 0.2533421516418457, 0.14232154190540314, 0.1535593420267105, 0.6465045809745789, 0.8633133769035339, 0.9913579225540161]"
AV0WAA1,0.62,"[0.58705073595047, 0.30881303548812866, 0.15823084115982056, 0.17333385348320007, 0.1886274665594101, 0.2179328352212906, 0.4056541919708252, 0.7418012022972107, 0.9885249733924866]"
AV0W111,0.64,"[0.9326982498168945, 0.3226778209209442, 0.178023099899292, 0.22336803376674652, 0.1791759431362152, 0.23546618223190308, 0.4454960227012634, 0.949154794216156, 0.9985721111297607]"
AYC8988,0.66,"[0.9966245889663696, 0.7219358086585999, 0.22878757119178772, 0.23906508088111877, 0.19514267146587372, 0.27034875750541687, 0.15582655370235443, 0.5698626041412354, 0.9947223663330078]"
AYN1M10,0.63,"[0.983346700668335, 0.9941794872283936, 0.9932178854942322, 0.6925202012062073, 0.5956610441207886, 0.18206843733787537, 0.3569193482398987, 0.9995829463005066, 0.999991774559021]"
AV04KXO,0.63,"[0.9913530945777893, 0.6901116371154785, 0.6250788569450378, 0.8461447358131409, 0.3455088436603546, 0.08837944269180298, 0.5181670188903809, 0.9835366606712341, 0.99973064661026]"
AW8BX10,0.68,"[0.9899511933326721, 0.6331055760383606, 0.21257467567920685, 0.35937750339508057, 0.3119847774505615, 0.21259631216526031, 0.511949896812439, 0.9962194561958313, 0.9996198415756226]"
AY08MAO,0.69,"[0.986294686794281, 0.9780364632606506, 0.88968825340271, 0.31595370173454285, 0.9226608276367188, 0.21509021520614624, 0.35021618008613586, 0.9312870502471924, 0.9955731630325317]"
AY03NAO,0.60,"[0.9831716418266296, 0.9953363537788391, 0.7927327156066895, 0.4153268039226532, 0.4039240777492523, 0.7891314625740051, 0.30413493514060974, 0.9830183982849121, 0.9995644688606262]"
AY83AAD,0.63,"[0.33972808718681335, 0.9839308857917786, 0.40363049507141113, 0.25277671217918396, 0.20090524852275848, 0.8723399043083191, 0.35835736989974976, 0.9619046449661255, 0.9992581009864807]"
AY67KAD,0.63,"[0.9776041507720947, 0.9978366494178772, 0.9846934080123901, 0.8226907849311829, 0.7119325399398804, 0.996639609336853, 0.4154606759548187, 0.9969871640205383, 0.9998013377189636]"
AY61KAD,0.67,"[0.9389130473136902, 0.9975983500480652, 0.631669282913208, 0.5437057614326477, 0.5077109932899475, 0.9948962330818176, 0.80326908826828, 0.9956313371658325, 0.999913215637207]"
AY67KAO,0.69,"[0.8839265704154968, 0.9991893172264099, 0.7842309474945068, 0.394065260887146, 0.5948953032493591, 0.9995884299278259, 0.8798086047172546, 0.9941031336784363, 0.9997451901435852]"
AY58NAO,0.68,"[0.9855216145515442, 0.9290345907211304, 0.46216270327568054, 0.40298745036125183, 0.56907057762146, 0.39102333784103394, 0.4132642149925232, 0.9982220530509949, 0.9999326467514038]"
AY68KAO,0.69,"[0.992892861366272, 0.9966867566108704, 0.9946488738059998, 0.9972090125083923, 0.9907439351081848, 0.9608351588249207, 0.9558945894241333, 0.9998183846473694, 0.9997878670692444]"
AY68KAD,0.68,"[0.9989702701568604, 0.9991642236709595, 0.9692497253417969, 0.777347981929779, 0.9992983341217041, 0.8248814344406128, 0.4989852011203766, 0.9996626377105713, 0.9999938011169434]"
AY69341,0.71,"[0.9994663596153259, 0.9945510029792786, 0.8917211294174194, 0.9496151804924011, 0.5086387991905212, 0.7166675925254822, 0.25559040904045105, 0.9731849431991577, 0.9997690320014954]"
KY68K3B,0.67,"[0.38960763812065125, 0.6628167629241943, 0.993681788444519, 0.8100199699401855, 0.4549546241760254, 0.22845116257667542, 0.2517712712287903, 0.6676087379455566, 0.99989914894104]"
AYG8XA4,0.71,"[0.9817796349525452, 0.9802013039588928, 0.6053130030632019, 0.6807164549827576, 0.4352045953273773, 0.6430377960205078, 0.20618832111358643, 0.9792851805686951, 0.9999979734420776]"
A3666HA,0.66,"[0.3687267303466797, 0.32060936093330383, 0.46795812249183655, 0.2028658390045166, 0.22370190918445587, 0.3080262839794159, 0.5358285307884216, 0.3827579617500305, 0.9827425479888916]"
A12G684,0.78,"[0.5809876918792725, 0.2275879830121994, 0.20405210554599762, 0.41793277859687805, 0.23678867518901825, 0.24444268643856049, 0.2627406418323517, 0.39883512258529663, 0.9152749180793762]"
RX89988,0.70,"[0.36370810866355896, 0.8409332036972046, 0.31380534172058105, 0.3877057433128357, 0.38320061564445496, 0.2538352310657501, 0.21571096777915955, 0.6789613962173462, 0.9959141612052917]"
AU55LVQ,0.56,"[0.9681512117385864, 0.49858173727989197, 0.7639710307121277, 0.9431713223457336, 0.3047918379306793, 0.46433380246162415, 0.6908119916915894, 0.9383288025856018, 0.9994423985481262]"
B155DVQ,0.63,"[0.26640164852142334, 0.3341902196407318, 0.9628589153289795, 0.967340350151062, 0.27288568019866943, 0.8443587422370911, 0.9834128618240356, 0.9919224977493286, 0.9995433688163757]"
AU65DVQ,0.58,"[0.3960936665534973, 0.4611329138278961, 0.9923933744430542, 0.4893206059932709, 0.7349538207054138, 0.6657482981681824, 0.9092838168144226, 0.9943225383758545, 0.9999901056289673]"
AU65DWO,0.65,"[0.940983772277832, 0.9858973026275635, 0.9574790596961975, 0.6535662412643433, 0.9472311735153198, 0.9515537619590759, 0.745898962020874, 0.9989426732063293, 0.9998524188995361]"
AU65UVO,0.71,"[0.9999960660934448, 0.9606586694717407, 0.9861196279525757, 0.9938287138938904, 0.707662045955658, 0.8373984694480896, 0.7717057466506958, 0.9999333620071411, 1.0]"
AU65GVD,0.74,"[0.9999960660934448, 0.9698301553726196, 0.9825945496559143, 0.995964527130127, 0.4756377637386322, 0.9861273765563965, 0.8211643695831299, 0.9999771118164062, 0.9999996423721313]"
AU66DVO,0.75,"[0.9999877214431763, 0.9679601788520813, 0.5212988257408142, 0.9505003690719604, 0.9715508222579956, 0.7441343069076538, 0.9758914709091187, 0.9999220371246338, 0.9999958276748657]"
AUG5190,0.77,"[0.9834817051887512, 0.9763294458389282, 0.9951634407043457, 0.9734825491905212, 0.2714643180370331, 0.31687867641448975, 0.8686990737915039, 0.9962211847305298, 0.9999969005584717]"
A465BVN,0.72,"[0.5124729871749878, 0.9087382555007935, 0.919242262840271, 0.8463158011436462, 0.3031705319881439, 0.2784200608730316, 0.16787220537662506, 0.22121644020080566, 0.998566210269928]"
AAABS35,0.71,"[0.7217878103256226, 0.7866951823234558, 0.2735787332057953, 0.2535213828086853, 0.8477486968040466, 0.09602051228284836, 0.09307104349136353, 0.49277162551879883, 0.9761581420898438]"
HW66XM4,0.56,"[0.33268412947654724, 0.9314813613891602, 0.48221996426582336, 0.9437968730926514, 0.9772849082946777, 0.9789788126945496, 0.3952133357524872, 0.9941629767417908, 0.9999972581863403]"
MK65XNX,0.57,"[0.7284830212593079, 0.28970715403556824, 0.9904663562774658, 0.8136714100837708, 0.9106638431549072, 0.9278108477592468, 0.37800219655036926, 0.9998306035995483, 0.9999995231628418]"
NWV241A,0.57,"[0.27372798323631287, 0.9744967222213745, 0.3050929605960846, 0.4120551347732544, 0.7289401292800903, 0.8334193229675293, 0.3786216080188751, 0.9972434043884277, 0.9999823570251465]"
HNA355A,0.60,"[0.40903979539871216, 0.36303964257240295, 0.17920680344104767, 0.4376108944416046, 0.4631584882736206, 0.6729391813278198, 0.32476067543029785, 0.9655977487564087, 0.9999382495880127]"
HV37EAA,0.56,"[0.7255087494850159, 0.7742891311645508, 0.4499296545982361, 0.9328977465629578, 0.992853581905365, 0.47399917244911194, 0.6396666765213013, 0.7871516346931458, 0.999943733215332]"
HV59EAA,0.63,"[0.9942055344581604, 0.7239512801170349, 0.8392283916473389, 0.9823896884918213, 0.9990963935852051, 0.5153341889381409, 0.24614962935447693, 0.9865104556083679, 0.9998971223831177]"
HV59EQA,0.65,"[0.9990720748901367, 0.8534765243530273, 0.9674229025840759, 0.9984970092773438, 0.999916672706604, 0.41644275188446045, 0.9746622443199158, 0.9996801614761353, 0.999997615814209]"
HV59E0A,0.72,"[0.9996720552444458, 0.8826133608818054, 0.9991136193275452, 0.9980594515800476, 0.9997734427452087, 0.25947192311286926, 0.7284088134765625, 0.9999358654022217, 1.0]"
NV59E04,0.72,"[0.8216250538825989, 0.9369735717773438, 0.9988956451416016, 0.9999290704727173, 0.9975101947784424, 0.641187846660614, 0.5680302977561951, 0.9999841451644897, 1.0]"
HV59E04,0.78,"[0.999426007270813, 0.9739164113998413, 0.9977557063102722, 0.9995328187942505, 0.9675094485282898, 0.5895569920539856, 0.8935791850090027, 0.9999920129776001, 1.0]"
HV59EDA,0.81,"[0.9779239296913147, 0.4114069640636444, 0.9879058599472046, 0.9579125642776489, 0.9945467710494995, 0.555851936340332, 0.43594294786453247, 0.9996042847633362, 0.9999977350234985]"
AV53583,0.73,"[0.4189857244491577, 0.9322192072868347, 0.9998610019683838, 0.6014618873596191, 0.4749552309513092, 0.42491161823272705, 0.2136784940958023, 0.9869106411933899, 0.9999974966049194]"
HV69EUZ,0.76,"[0.9594053030014038, 0.8148064613342285, 0.34212827682495117, 0.9314644932746887, 0.992908239364624, 0.5190406441688538, 0.18302065134048462, 0.9989746809005737, 0.9999959468841553]"
AW14JDC,0.58,"[0.8864523768424988, 0.9605417251586914, 0.6975556015968323, 0.9997933506965637, 0.9074400067329407, 0.4592112898826599, 0.7549810409545898, 0.9993948936462402, 0.9999146461486816]"
AW10JWC,0.52,"[0.8192151784896851, 0.7532002925872803, 0.6183289289474487, 0.3618501126766205, 0.9418326020240784, 0.6142789125442505, 0.6797995567321777, 0.9951322674751282, 0.9998562335968018]"
AV14JVC,0.60,"[0.6116514205932617, 0.6952449083328247, 0.627238392829895, 0.7278022766113281, 0.6401301622390747, 0.7473510503768921, 0.746088981628418, 0.9997281432151794, 0.9999798536300659]"
AV74JVE,0.60,"[0.9637517333030701, 0.8414727449417114, 0.9999216794967651, 0.9988234639167786, 0.9990678429603577, 0.9257583022117615, 0.7667791247367859, 0.9999288320541382, 0.9999967813491821]"
AV74JVC,0.62,"[0.9832491874694824, 0.8393713235855103, 0.9997151494026184, 0.9988260865211487, 0.9997498393058777, 0.5702393651008606, 0.9093178510665894, 0.9999703168869019, 0.9999886751174927]"
BH108RR,0.56,"[0.2819547653198242, 0.23579491674900055, 0.3055243194103241, 0.6332312226295471, 0.19936205446720123, 0.2732040286064148, 0.27688315510749817, 0.8015461564064026, 0.31770217418670654]"
AV74JYC,0.64,"[0.9987323880195618, 0.9285386800765991, 0.9997773766517639, 0.9978039860725403, 0.9999176263809204, 0.7056374549865723, 0.9933653473854065, 0.9999237060546875, 0.9999990463256836]"
AY74JYC,0.70,"[0.9982557892799377, 0.8373810648918152, 0.999731719493866, 0.9556190967559814, 0.9997938275337219, 0.865001916885376, 0.934752345085144, 0.9999101161956787, 0.9999970197677612]"
AY74JYE,0.80,"[0.9998881816864014, 0.8790889382362366, 0.9998257756233215, 0.8895041942596436, 0.9999963045120239, 0.9574021100997925, 0.4534759223461151, 0.9999916553497314, 1.0]"
AY74JVE,0.81,"[0.9995112419128418, 0.9996123909950256, 0.9987177848815918, 0.9996795654296875, 0.977860689163208, 0.8203610181808472, 0.3082393407821655, 0.9998914003372192, 0.9999997615814209]"
88K7338,0.78,"[0.31525927782058716, 0.12772661447525024, 0.19361688196659088, 0.35685428977012634, 0.4052011966705322, 0.30224305391311646, 0.31817978620529175, 0.8394184112548828, 0.9990930557250977]"
3998899,0.84,"[0.43078503012657166, 0.16647149622440338, 0.34953296184539795, 0.6244804859161377, 0.5195932388305664, 0.3195229768753052, 0.34701019525527954, 0.8815361261367798, 0.999537467956543]"
AU07YOO,0.61,"[0.9779515266418457, 0.2175104022026062, 0.8515032529830933, 0.9988823533058167, 0.6416879296302795, 0.49588289856910706, 0.5241986513137817, 0.9853162169456482, 0.9998900890350342]"
AU071TO,0.55,"[0.9961963891983032, 0.25906679034233093, 0.8246246576309204, 0.995896577835083, 0.44550374150276184, 0.37695732712745667, 0.4778245687484741, 0.9959864020347595, 0.9999768733978271]"
AQ07YDD,0.63,"[0.9963825941085815, 0.6502343416213989, 0.9535750150680542, 0.9982869029045105, 0.2059759944677353, 0.9714928865432739, 0.9986315369606018, 0.999968409538269, 0.9999996423721313]"
AU07TDO,0.63,"[0.998176097869873, 0.6263335347175598, 0.9798822402954102, 0.9996939897537231, 0.946009635925293, 0.5332860350608826, 0.5759183168411255, 0.9999133348464966, 0.9999988079071045]"
A487TTO,0.66,"[0.5679850578308105, 0.5531699657440186, 0.5193493366241455, 0.9070196151733398, 0.9962295889854431, 0.41394227743148804, 0.7941195964813232, 0.9825679659843445, 0.9997872710227966]"
A407TTO,0.66,"[0.49953439831733704, 0.8765201568603516, 0.8539623618125916, 0.8410984873771667, 0.9923156499862671, 0.30012771487236023, 0.4248995780944824, 0.987528383731842, 0.9999443292617798]"
AAQ3339,0.72,"[0.7666240334510803, 0.5101544857025146, 0.8826977014541626, 0.6949262619018555, 0.8492764234542847, 0.4499305486679077, 0.8676056861877441, 0.8688525557518005, 0.9998865127563477]"
WGR2NX7,0.66,"[0.9923108816146851, 0.9709528088569641, 0.36783352494239807, 0.36298418045043945, 0.715164065361023, 0.8850271105766296, 0.6558212041854858, 0.9987659454345703, 0.9999053478240967]"
WG67NX7,0.51,"[0.9844637513160706, 0.9909265041351318, 0.32540369033813477, 0.5937293171882629, 0.2255774438381195, 0.9841068983078003, 0.7874205112457275, 0.9962716102600098, 0.999852180480957]"
BG62MXX,0.62,"[0.4472132921218872, 0.997750461101532, 0.502360463142395, 0.451519638299942, 0.2266259789466858, 0.637087881565094, 0.9289242029190063, 0.3583846688270569, 0.9986987113952637]"
WG67MXZ,0.64,"[0.3340829908847809, 0.9989107847213745, 0.4178738594055176, 0.26339033246040344, 0.39543336629867554, 0.9527835845947266, 0.9914159178733826, 0.97405606508255, 0.999957799911499]"
WG92WXZ,0.56,"[0.7867804765701294, 0.9944068193435669, 0.28444555401802063, 0.9646328091621399, 0.1828625649213791, 0.7825011610984802, 0.7838286757469177, 0.9984068274497986, 0.999968409538269]"
WG52QXZ,0.66,"[0.8514377474784851, 0.8395962119102478, 0.9736908674240112, 0.9763308167457581, 0.5548535585403442, 0.9999465942382812, 0.9972270131111145, 0.9999850988388062, 0.9999998807907104]"
MG52RXZ,0.66,"[0.7947587370872498, 0.9908004403114319, 0.9674968719482422, 0.7890400886535645, 0.40888991951942444, 0.999583899974823, 0.9995488524436951, 0.9999949932098389, 0.9999992847442627]"
WG52RXZ,0.69,"[0.9947053790092468, 0.9908965229988098, 0.9952988028526306, 0.9831295609474182, 0.5998731255531311, 0.9996618032455444, 0.994634747505188, 0.9999876022338867, 0.9999985694885254]"
WG62RXZ,0.71,"[0.8804283142089844, 0.9991965889930725, 0.9936339855194092, 0.9784512519836426, 0.8858931064605713, 0.999679684638977, 0.9998325109481812, 0.9999954700469971, 1.0]"
MG62RXZ,0.68,"[0.41237467527389526, 0.9991775155067444, 0.9937829375267029, 0.9924945831298828, 0.9981555342674255, 0.99992835521698, 0.9992864727973938, 0.9998993873596191, 0.9999984502792358]"
NG62PXZ,0.70,"[0.3002576231956482, 0.7930850386619568, 0.991730272769928, 0.9991395473480225, 0.9774288535118103, 0.9918556213378906, 0.9999527931213379, 0.9999531507492065, 0.9999991655349731]"
KG47PXZ,0.75,"[0.8612692356109619, 0.9904216527938843, 0.30918776988983154, 0.8627710938453674, 0.49722468852996826, 0.6965116858482361, 0.9652641415596008, 0.987978458404541, 0.9998956918716431]"
WG529XZ,0.75,"[0.670988142490387, 0.9559860229492188, 0.3544725775718689, 0.6600501537322998, 0.4720870852470398, 0.8721917867660522, 0.881895899772644, 0.9919160008430481, 0.9997935891151428]"
WG6222Y,0.70,"[0.5465093851089478, 0.27937695384025574, 0.7922642827033997, 0.9792146682739258, 0.23985417187213898, 0.28418099880218506, 0.5800644159317017, 0.9909291863441467, 0.9999666213989258]"
C01JM0C,0.59,"[0.36902037262916565, 0.14748920500278473, 0.5044046640396118, 0.5498937368392944, 0.3119892179965973, 0.19302238523960114, 0.19693681597709656, 0.9526013135910034, 0.9981483221054077]"
EA13WOI,0.62,"[0.976040244102478, 0.7281829714775085, 0.7779374718666077, 0.9997054934501648, 0.9659716486930847, 0.8803255558013916, 0.2999601364135742, 0.9992833733558655, 0.9999688863754272]"
EA13WOC,0.66,"[0.9994532465934753, 0.9962387084960938, 0.9980383515357971, 0.9999059438705444, 0.9944451451301575, 0.9500269889831543, 0.9687904119491577, 0.9999701976776123, 0.9999997615814209]"
EA13MOC,0.68,"[0.9999737739562988, 0.9945637583732605, 0.9993523955345154, 0.9878829121589661, 0.9316328167915344, 0.9940525889396667, 0.99506676197052, 0.9999945163726807, 0.9999963045120239]"
EA13MDC,0.76,"[0.9948717355728149, 0.9959446787834167, 0.9993999004364014, 0.9999983310699463, 0.7595840096473694, 0.6062368154525757, 0.9962271451950073, 0.9995647072792053, 0.9999949932098389]"
EA13WDC,0.60,"[0.9986091256141663, 0.989421546459198, 0.9949861764907837, 0.9417890310287476, 0.2570360004901886, 0.7885730862617493, 0.9047377109527588, 0.862269937992096, 0.9997441172599792]"
EA13WG0,0.67,"[0.4763075113296509, 0.558916449546814, 0.3730361759662628, 0.7325305938720703, 0.22382351756095886, 0.24273471534252167, 0.1551854908466339, 0.8750252723693848, 0.9996324777603149]"
RV77VVV,0.54,"[0.8375301361083984, 0.776993453502655, 0.5815355777740479, 0.21994954347610474, 0.4885604977607727, 0.704911470413208, 0.4264254868030548, 0.9928036332130432, 0.9997184872627258]"
PVJ3RWW,0.69,"[0.8778230547904968, 0.9533071517944336, 0.8100206851959229, 0.8909825682640076, 0.6004213690757751, 0.5840564370155334, 0.3581687808036804, 0.9945117235183716, 0.9999929666519165]"
RV17PX1,0.55,"[0.9343211650848389, 0.9916132688522339, 0.47082823514938354, 0.9904431700706482, 0.7940323352813721, 0.9623490571975708, 0.15860995650291443, 0.9992918968200684, 0.999967098236084]"
R173RKW,0.73,"[0.45945385098457336, 0.6418647766113281, 0.4402739405632019, 0.518079400062561, 0.24438056349754333, 0.40585070848464966, 0.5531493425369263, 0.9993717074394226, 0.9999861717224121]"
RV77FRV,0.64,"[0.8006311655044556, 0.8341818451881409, 0.4276547133922577, 0.78658127784729, 0.7693116664886475, 0.23610219359397888, 0.4108932614326477, 0.9941957592964172, 0.9998342990875244]"
AJG9XJH,0.58,"[0.29033163189888, 0.9974230527877808, 0.5773091912269592, 0.8390005826950073, 0.9166579246520996, 0.49433058500289917, 0.28601425886154175, 0.6223060488700867, 0.9953840374946594]"
AJ53MJD,0.61,"[0.9914805889129639, 0.999976634979248, 0.9995819926261902, 0.8326684236526489, 0.8777675628662109, 0.9999651908874512, 0.9920361638069153, 0.9999306201934814, 0.9999982118606567]"
AJ59XJD,0.71,"[0.746554434299469, 0.9941025376319885, 0.9996649026870728, 0.9947472214698792, 0.9981908202171326, 0.999996542930603, 0.9777218699455261, 0.9999959468841553, 0.9999927282333374]"
AJ59XJU,0.63,"[0.9995890259742737, 0.9979071617126465, 0.9992712140083313, 0.9984050393104553, 0.928530752658844, 0.9999463558197021, 0.7853149771690369, 0.9999715089797974, 1.0]"
AJ69XJD,0.76,"[0.9957038760185242, 0.9999736547470093, 0.599611222743988, 0.9999614953994751, 0.9805644154548645, 0.35815924406051636, 0.856327474117279, 0.9998389482498169, 0.999907374382019]"
AJ59XJB,0.75,"[0.989144504070282, 0.9670763611793518, 0.999792754650116, 0.9996733665466309, 0.9994381070137024, 0.9960318207740784, 0.2955385148525238, 0.9999463558197021, 0.9999998807907104]"
A159XUB,0.70,"[0.9652456045150757, 0.16029953956604004, 0.895035445690155, 0.9828631281852722, 0.9973717927932739, 0.7432897090911865, 0.3567911386489868, 0.9990965127944946, 0.9999901056289673]"
A355S99,0.82,"[0.5629596710205078, 0.18055424094200134, 0.20423844456672668, 0.4575285315513611, 0.6679302453994751, 0.5364654660224915, 0.7210633754730225, 0.48334673047065735, 0.9930312633514404]"
FL54AXV,0.62,"[0.9932793974876404, 0.998883068561554, 0.5203142166137695, 0.989482045173645, 0.6360721588134766, 0.7709305882453918, 0.1684316247701645, 0.9964218139648438, 0.9999254941940308]"
FL61XXY,0.59,"[0.9965915679931641, 0.999058187007904, 0.814512312412262, 0.9873352646827698, 0.8410050272941589, 0.6606186032295227, 0.5041032433509827, 0.9913169145584106, 0.9998680353164673]"
FL54XRP,0.61,"[0.9996620416641235, 0.9944783449172974, 0.9983891248703003, 0.9987809062004089, 0.9786484837532043, 0.8449010252952576, 0.866420328617096, 0.9999754428863525, 0.9999899864196777]"
FL64XRP,0.72,"[0.9999676942825317, 0.9996713399887085, 0.893925130367279, 0.9999438524246216, 0.9988116025924683, 0.9955493211746216, 0.9225339889526367, 0.9999995231628418, 0.9999998807907104]"
F464XRP,0.68,"[0.9999991655349731, 0.577116072177887, 0.5983697772026062, 0.9999287128448486, 0.9995176792144775, 0.9986034035682678, 0.9994702935218811, 0.9999998807907104, 1.0]"
TWW7Y44,0.54,"[0.3604501485824585, 0.8782665133476257, 0.2248842716217041, 0.13852593302726746, 0.49358445405960083, 0.4182289242744446, 0.48721393942832947, 0.9365290999412537, 0.9953086972236633]"
EF2YY10,0.56,"[0.9972789883613586, 0.7108086943626404, 0.49431419372558594, 0.854357123374939, 0.5258512496948242, 0.5686046481132507, 0.44352826476097107, 0.8266882300376892, 0.9983022212982178]"
EF21TUD,0.62,"[0.9699334502220154, 0.6902369856834412, 0.47873732447624207, 0.8119252324104309, 0.5680910348892212, 0.5696789622306824, 0.46513688564300537, 0.9659886956214905, 0.9994463324546814]"
EF21YU0,0.61,"[0.9972457885742188, 0.9444978833198547, 0.824674665927887, 0.40386244654655457, 0.569996178150177, 0.7573097944259644, 0.49040472507476807, 0.9455098509788513, 0.9997662901878357]"
EF71TUO,0.70,"[0.9950130581855774, 0.9832041263580322, 0.8897916078567505, 0.9797848463058472, 0.9908719658851624, 0.9298316240310669, 0.8619648218154907, 0.9996111989021301, 0.9998846054077148]"
EF21TUO,0.61,"[0.9993543028831482, 0.9906232953071594, 0.9646963477134705, 0.9994805455207825, 0.9931260347366333, 0.9947799444198608, 0.8591107130050659, 0.9999173879623413, 0.999993085861206]"
SS39PWW,0.54,"[0.09636873751878738, 0.14091593027114868, 0.18602025508880615, 0.30651456117630005, 0.30031388998031616, 0.4559851884841919, 0.7528620362281799, 0.9077919721603394, 0.9948358535766602]"
TC3996H,0.56,"[0.10600771754980087, 0.11099258065223694, 0.3929682970046997, 0.4370080530643463, 0.3711702823638916, 0.4403516948223114, 0.20114293694496155, 0.8237932324409485, 0.997368574142456]"
IC3336H,0.58,"[0.14487893879413605, 0.1669103354215622, 0.18768399953842163, 0.4698536992073059, 0.3067861795425415, 0.24612535536289215, 0.29105180501937866, 0.6953325867652893, 0.9867660999298096]"
BPW136H,0.57,"[0.3055792450904846, 0.21628396213054657, 0.4997892677783966, 0.9016977548599243, 0.6471089720726013, 0.380114883184433, 0.1459575593471527, 0.8209531307220459, 0.9973305463790894]"
RE21VFN,0.64,"[0.9154583215713501, 0.8777028322219849, 0.9287077784538269, 0.9583530426025391, 0.6007331609725952, 0.5424529314041138, 0.7385162711143494, 0.9912881255149841, 0.999971866607666]"
RE23V7N,0.61,"[0.6628339886665344, 0.6238210797309875, 0.8493453860282898, 0.9386473894119263, 0.48491114377975464, 0.33447688817977905, 0.8669137954711914, 0.9939834475517273, 0.9997487664222717]"
WE23YFN,0.62,"[0.344982773065567, 0.6281179189682007, 0.8694537281990051, 0.9747201204299927, 0.9358423352241516, 0.5981504917144775, 0.644840657711029, 0.9997888207435608, 0.999885082244873]"
RE23VFN,0.58,"[0.9978433847427368, 0.9997790455818176, 0.998742401599884, 0.9999316930770874, 0.3991059958934784, 0.8126544952392578, 0.8991071581840515, 0.9999945163726807, 0.9999984502792358]"
RE23YFN,0.74,"[0.9973690509796143, 0.9960975050926208, 0.9999896287918091, 0.9881389737129211, 0.9605404138565063, 0.99962317943573, 0.6934193968772888, 0.9999960660934448, 1.0]"
RE23VFP,0.76,"[0.9996848106384277, 0.9984207153320312, 0.9999070167541504, 0.999380350112915, 0.839341938495636, 0.9940587282180786, 0.30758047103881836, 0.9999986886978149, 1.0]"
RE23VFH,0.76,"[0.9986720085144043, 0.9916055202484131, 0.9999867677688599, 0.9999920129776001, 0.9862043857574463, 0.9835257530212402, 0.14991605281829834, 0.9999724626541138, 0.9999996423721313]"
RE23YFH,0.76,"[0.9996728897094727, 0.9984939098358154, 0.9999908208847046, 0.9999326467514038, 0.7394711971282959, 0.8360391855239868, 0.7039430737495422, 0.9999985694885254, 1.0]"
RE23YPH,0.74,"[0.55744469165802, 0.9884155988693237, 0.9978740215301514, 0.9982852339744568, 0.925951361656189, 0.7513838410377502, 0.7746499180793762, 0.9984325766563416, 0.9999970197677612]"
IL47LHF,0.61,"[0.7357723712921143, 0.3156392574310303, 0.3331867754459381, 0.6937001943588257, 0.9997920393943787, 0.9340742826461792, 0.7421186566352844, 0.9425512552261353, 0.9999632835388184]"
LW34LHT,0.63,"[0.9956350922584534, 0.9933438301086426, 0.34446337819099426, 0.5093172788619995, 0.9948210716247559, 0.5581798553466797, 0.8768221139907837, 0.9989466071128845, 0.9999829530715942]"
ILW2LHT,0.65,"[0.5194344520568848, 0.9982313513755798, 0.2650671601295471, 0.5961977243423462, 0.9975658655166626, 0.9825788736343384, 0.6987192034721375, 0.9925010800361633, 0.9999958276748657]"
LM12LHT,0.70,"[0.9991328120231628, 0.9876039028167725, 0.23666326701641083, 0.8007564544677734, 0.9984403252601624, 0.9648691415786743, 0.9850128889083862, 0.996802568435669, 0.9999622106552124]"
LX12LHT,0.77,"[0.8866243362426758, 0.7986720204353333, 0.9909883141517639, 0.3589819371700287, 0.9994431138038635, 0.9573898911476135, 0.9759904742240906, 0.9996848106384277, 0.9999946355819702]"
LA13LHT,0.72,"[0.9837192893028259, 0.9897510409355164, 0.9957059025764465, 0.26863279938697815, 0.9840765595436096, 0.7765883803367615, 0.9875755310058594, 0.9991586208343506, 0.9999957084655762]"
AP711A0,0.50,"[0.2538768947124481, 0.6459811925888062, 0.9896100759506226, 0.9061737656593323, 0.36317160725593567, 0.7873445153236389, 0.4193733334541321, 0.9061154723167419, 0.9891633987426758]"
GP71AAL,0.59,"[0.9167503714561462, 0.40987297892570496, 0.9689432978630066, 0.30805349349975586, 0.41145920753479004, 0.8219389915466309, 0.6618905067443848, 0.9990763664245605, 0.9999740123748779]"
GF71UAL,0.66,"[0.9876290559768677, 0.7492751479148865, 0.9999297857284546, 0.5703577995300293, 0.850155770778656, 0.7295238375663757, 0.9344386458396912, 0.9960005879402161, 0.9995558857917786]"
CF71UAL,0.61,"[0.8003463745117188, 0.9253476858139038, 0.9994810223579407, 0.6919389367103577, 0.7432224750518799, 0.9913751482963562, 0.8175264000892639, 0.9961705803871155, 0.9997478127479553]"
GF71DAL,0.74,"[0.9874799847602844, 0.9975179433822632, 0.9105172157287598, 0.9001757502555847, 0.29042455554008484, 0.6637977957725525, 0.9737749695777893, 0.9955397248268127, 0.9999407529830933]"
GF71UA1,0.72,"[0.9638623595237732, 0.9577916860580444, 0.9946104288101196, 0.9785603880882263, 0.7151951193809509, 0.9995330572128296, 0.4867566227912903, 0.9998387098312378, 0.9999995231628418]"
GF710A1,0.71,"[0.7333717346191406, 0.9743436574935913, 0.6215491890907288, 0.9380584359169006, 0.7887604236602783, 0.9611559510231018, 0.43495702743530273, 0.9977694749832153, 0.999995231628418]"
CC218AA,0.72,"[0.6745956540107727, 0.25112104415893555, 0.6211268305778503, 0.23915641009807587, 0.6559321284294128, 0.5900134444236755, 0.32495325803756714, 0.9763938784599304, 0.9991987347602844]"
QV59DUM,0.59,"[0.3250158131122589, 0.8688965439796448, 0.9994345307350159, 0.941619873046875, 0.54208904504776, 0.7935724854469299, 0.3387160003185272, 0.5013666152954102, 0.9990039467811584]"
QV59IUW,0.60,"[0.4398156702518463, 0.3949095904827118, 0.9995414018630981, 0.8736776113510132, 0.5222855806350708, 0.8369372487068176, 0.475259393453598, 0.47877055406570435, 0.9966481328010559]"
GV59AUW,0.63,"[0.3849193751811981, 0.8103939890861511, 0.9978016018867493, 0.8290027379989624, 0.33162206411361694, 0.9048953652381897, 0.26674941182136536, 0.5459879636764526, 0.997194766998291]"
GV59DUK,0.73,"[0.9998345375061035, 0.9786491990089417, 0.9943572878837585, 0.9996815919876099, 0.6428312659263611, 0.8866555094718933, 0.7589040994644165, 0.9413341283798218, 0.9999924898147583]"
GV59DER,0.65,"[0.7145534753799438, 0.9309259057044983, 0.9979477524757385, 0.9846978187561035, 0.6154686808586121, 0.2232847958803177, 0.5543745160102844, 0.9993236064910889, 0.9999405145645142]"
GNA5866,0.68,"[0.9886291027069092, 0.573992133140564, 0.2198697030544281, 0.21467360854148865, 0.3884585499763489, 0.4155995547771454, 0.24922987818717957, 0.5244253277778625, 0.9999176263809204]"
